span,span_loss,target_span_loss,amp_gain,target_gain
1,19.525,19.28,19.468,19.48
2,20.103,20.41,20.201,20.2
3,19.36,19.31,19.263,19.17
4,15.292,15.36,15.623,15.59
5,15.086,15.14,15.12,15.15
6,19.914,19.94,20.139,20.15
7,22.128,13.37,13.482,13.45
8,20.122,20.15,20.416,20.3
9,20.516,20.62,20.354,20.37
10,17.819,17.42,17.425,17.44
11,15.897,15.87,15.93,15.87
12,15.588,15.63,15.797,15.85
13,15.026,15.06,14.962,14.98
14,16.23,16.31,16.423,16.37
15,16.953,17.08,16.855,16.82
16,18.193,18.24,18.175,18.17
17,21.268,21.21,21.14,21.1
18,19.731,19.76,19.38,19.55
19,17.895,17.78,18.031,17.97
